{
  "cv_ll_mean": 0.8287480790119082,
  "cv_ll_std": 0.11823314028633983,
  "accuracy": 0.625,
  "verdict": "FLAT",
  "wilcoxon_p": 0.5870918350949044
}