{
  "experiment": "w3-10-three-model-blend",
  "weights_elo_rf_logistic": [
    0.8,
    0.1,
    0.09999999999999995
  ],
  "cv": "RepeatedStratifiedKFold(5x10, seed=0)",
  "n_samples": 64,
  "seed": 0,
  "delta_vs_elo": -0.004951920988091829
}