{
  "cv_ll_mean": 0.8530025507271327,
  "cv_ll_std": 0.07739841817660714,
  "accuracy": 0.625,
  "verdict": "FLAT",
  "wilcoxon_p": 0.9891028566489313
}