{
  "experiment": "w3-06-elo-playerform-blend",
  "cv_log_loss_mean": 0.8392938625650674,
  "cv_log_loss_std": 0.13035108992266606,
  "overall_log_loss": 0.8388790653604324,
  "accuracy": 0.640625,
  "delta_vs_elo_baseline": 0.005593862565067442,
  "delta_vs_ensemble_frontier": 0.07849386256506741,
  "verdict": "FLAT"
}