{
  "cv_ll_mean": 0.8280234037268355,
  "cv_ll_std": 0.1295169883575433,
  "accuracy": 0.625,
  "verdict": "GREEN",
  "wilcoxon_p": 0.2699499238386496
}