{
  "cv_ll_mean": 0.8509155756702588,
  "cv_ll_std": 0.10646061124854378,
  "accuracy": 0.625,
  "verdict": "FLAT",
  "wilcoxon_p": 0.9780123139819299
}